{"cameraMode":{"drawMode":0,"name":"Shaded","section":"Shading Mode"},"sceneLighting":false,"audioPlay":false,"sceneViewState":{"showFog":true,"showMaterialUpdate":false,"showSkybox":true,"showFlares":true,"showImageEffects":true,"showParticleSystems":true},"in2DMode":false,"pivot":{"x":-50.90888214111328,"y":75.0564193725586,"z":62.0205078125},"rotation":{"x":-0.4733341336250305,"y":-0.21876874566078187,"z":0.12262830138206482,"w":-0.844427227973938},"size":2.27050518989563,"orthographic":false}