{"cameraMode":{"drawMode":0,"name":"Shaded","section":"Shading Mode"},"sceneLighting":false,"audioPlay":false,"sceneViewState":{"showFog":true,"showMaterialUpdate":false,"showSkybox":true,"showFlares":true,"showImageEffects":true,"showParticleSystems":true},"in2DMode":false,"pivot":{"x":-55.12433624267578,"y":151.7484893798828,"z":58.478145599365237},"rotation":{"x":0.36664295196533205,"y":0.6058025360107422,"z":-0.36892470717430117,"w":0.602055549621582},"size":104.80340576171875,"orthographic":false}