{"cameraMode":{"drawMode":0,"name":"Shaded","section":"Shading Mode"},"sceneLighting":false,"audioPlay":false,"sceneViewState":{"showFog":true,"showMaterialUpdate":false,"showSkybox":true,"showFlares":true,"showImageEffects":true,"showParticleSystems":true},"in2DMode":false,"pivot":{"x":1.2132378816604615,"y":1.3333032131195069,"z":3.047945261001587},"rotation":{"x":0.04048999026417732,"y":0.20681528747081757,"z":-0.008566655218601227,"w":0.977504312992096},"size":9.80101203918457,"orthographic":false}