{"cameraMode":{"drawMode":0,"name":"Shaded","section":"Shading Mode"},"sceneLighting":false,"audioPlay":false,"sceneViewState":{"showFog":true,"showMaterialUpdate":false,"showSkybox":true,"showFlares":true,"showImageEffects":true,"showParticleSystems":true},"in2DMode":false,"pivot":{"x":-16.332969665527345,"y":75.61126708984375,"z":60.058738708496097},"rotation":{"x":-0.02459472231566906,"y":0.9005428552627564,"z":0.051386598497629169,"w":0.43101876974105837},"size":3.867831230163574,"orthographic":false}