{"cameraMode":{"drawMode":0,"name":"Shaded","section":"Shading Mode"},"sceneLighting":false,"audioPlay":false,"sceneViewState":{"showFog":true,"showMaterialUpdate":false,"showSkybox":false,"showFlares":true,"showImageEffects":true,"showParticleSystems":true},"in2DMode":false,"pivot":{"x":0.0012801587581634522,"y":0.4082801938056946,"z":-0.08731526136398316},"rotation":{"x":0.05849146470427513,"y":0.9197263121604919,"z":-0.1503128856420517,"w":0.3578943908214569},"size":2.1807315349578859,"orthographic":false}