{"cameraMode":{"drawMode":0,"name":"Shaded","section":"Shading Mode"},"sceneLighting":false,"audioPlay":false,"sceneViewState":{"showFog":true,"showMaterialUpdate":false,"showSkybox":true,"showFlares":true,"showImageEffects":true,"showParticleSystems":true},"in2DMode":false,"pivot":{"x":-2.893622398376465,"y":0.5021103024482727,"z":-33.56991195678711},"rotation":{"x":-0.5368701219558716,"y":-0.07695616781711579,"z":0.04926116392016411,"w":-0.8387022614479065},"size":19.428415298461915,"orthographic":false}