{"cameraMode":{"drawMode":0,"name":"Shaded","section":"Shading Mode"},"sceneLighting":false,"audioPlay":false,"sceneViewState":{"showFog":true,"showMaterialUpdate":false,"showSkybox":true,"showFlares":true,"showImageEffects":true,"showParticleSystems":true},"in2DMode":false,"pivot":{"x":-47.491310119628909,"y":75.00935363769531,"z":62.750301361083987},"rotation":{"x":0.014638553373515606,"y":0.5817546248435974,"z":-0.01047271303832531,"w":0.8131652474403381},"size":5.277609348297119,"orthographic":false}